src_ip,dst_ip,time
1.1.1.1,2.2.2.2,2024/04/28 08:15
1.1.1.1,2.2.2.2,2024/04/28 08:32
1.1.1.1,2.2.2.2,2024/04/28 09:05
1.1.1.1,2.2.2.3,2024/04/28 09:18
1.1.1.2,2.2.2.1,2024/04/28 10:22
1.1.1.1,2.2.2.2,2024/04/28 11:43
1.1.1.3,2.2.2.4,2024/04/28 12:15
1.1.1.2,2.2.2.3,2024/04/28 14:38
1.1.1.1,2.2.2.2,2024/04/28 15:20
1.1.1.1,2.2.2.3,2024/04/28 16:05
1.1.1.3,2.2.2.1,2024/04/28 18:12
1.1.1.2,2.2.2.2,2024/04/28 19:45
1.1.1.1,2.2.2.2,2024/04/28 21:28
1.1.1.3,2.2.2.3,2024/04/28 22:34
1.1.1.1,2.2.2.2,2024/04/29 07:17
1.1.1.2,2.2.2.1,2024/04/29 08:52
1.1.1.1,2.2.2.3,2024/04/29 09:41
1.1.1.1,2.2.2.2,2024/04/29 10:13
1.1.1.3,2.2.2.2,2024/04/29 11:30
1.1.1.1,2.2.2.2,2024/04/29 12:44
1.1.1.2,2.2.2.3,2024/04/29 13:55
1.1.1.1,2.2.2.1,2024/04/29 15:08
1.1.1.1,2.2.2.2,2024/04/29 17:22
1.1.1.3,2.2.2.4,2024/04/29 19:37
1.1.1.1,2.2.2.2,2024/04/29 21:19
1.1.1.1,2.2.2.2,2024/04/30 08:27
1.1.1.2,2.2.2.3,2024/04/30 09:34
1.1.1.1,2.2.2.2,2024/04/30 10:56
1.1.1.3,2.2.2.1,2024/04/30 11:45
1.1.1.1,2.2.2.3,2024/04/30 13:12
1.1.1.1,2.2.2.2,2024/04/30 14:29
1.1.1.2,2.2.2.2,2024/04/30 16:18
1.1.1.1,2.2.2.2,2024/04/30 17:42
1.1.1.3,2.2.2.3,2024/04/30 19:24
1.1.1.1,2.2.2.2,2024/04/30 21:55
1.1.1.1,2.2.2.2,2024/05/01 07:39
1.1.1.2,2.2.2.1,2024/05/01 09:03
1.1.1.1,2.2.2.3,2024/05/01 10:41
1.1.1.3,2.2.2.2,2024/05/01 11:58
1.1.1.1,2.2.2.2,2024/05/01 13:26
1.1.1.1,2.2.2.3,2024/05/01 15:19
1.1.1.2,2.2.2.2,2024/05/01 16:47
1.1.1.1,2.2.2.2,2024/05/01 18:23
1.1.1.3,2.2.2.1,2024/05/01 20:38
1.1.1.1,2.2.2.2,2024/05/01 22:14
1.1.1.1,2.2.2.2,2024/05/02 08:09
1.1.1.3,2.2.2.3,2024/05/02 09:36
1.1.1.1,2.2.2.2,2024/05/02 11:28
1.1.1.2,2.2.2.1,2024/05/02 13:47
1.1.1.1,2.2.2.3,2024/05/02 15:12
1.1.1.1,2.2.2.2,2024/05/02 16:56
1.1.1.3,2.2.2.2,2024/05/02 18:33
1.1.1.1,2.2.2.1,2024/05/02 20:19
1.1.1.2,2.2.2.3,2024/05/02 22:05
1.1.1.1,2.2.2.2,2024/05/03 07:38
1.1.1.1,2.2.2.2,2024/05/03 09:17
1.1.1.3,2.2.2.4,2024/05/03 10:43
1.1.1.1,2.2.2.2,2024/05/03 12:29
1.1.1.2,2.2.2.2,2024/05/03 14:14
1.1.1.1,2.2.2.3,2024/05/03 16:06
1.1.1.1,2.2.2.2,2024/05/03 17:53
1.1.1.3,2.2.2.1,2024/05/03 19:38
1.1.1.1,2.2.2.2,2024/05/03 21:27
1.1.1.1,2.2.2.2,2024/05/04 08:14
1.1.1.2,2.2.2.3,2024/05/04 09:52
1.1.1.1,2.2.2.2,2024/05/04 11:39
1.1.1.3,2.2.2.2,2024/05/04 13:28
1.1.1.1,2.2.2.3,2024/05/04 15:16
1.1.1.1,2.2.2.2,2024/05/04 17:05
1.1.1.2,2.2.2.1,2024/05/04 18:54
1.1.1.1,2.2.2.2,2024/05/04 20:42
1.1.1.3,2.2.2.3,2024/05/04 22:31
1.1.1.1,2.2.2.2,2024/05/05 07:38
1.1.1.1,2.2.2.2,2024/05/05 09:27
1.1.1.2,2.2.2.2,2024/05/05 11:15
1.1.1.1,2.2.2.3,2024/05/05 13:04
1.1.1.3,2.2.2.1,2024/05/05 14:53
1.1.1.1,2.2.2.2,2024/05/05 16:41
1.1.1.1,2.2.2.2,2024/05/05 18:30
1.1.1.2,2.2.2.3,2024/05/05 20:19
1.1.1.1,2.2.2.2,2024/05/05 22:07
1.1.1.3,2.2.2.4,2024/05/06 07:32
1.1.1.1,2.2.2.2,2024/05/06 09:21
1.1.1.1,2.2.2.3,2024/05/06 11:09
1.1.1.2,2.2.2.1,2024/05/06 12:58
1.1.1.1,2.2.2.2,2024/05/06 14:47
1.1.1.3,2.2.2.2,2024/05/06 16:35
1.1.1.1,2.2.2.3,2024/05/06 18:24
1.1.1.1,2.2.2.2,2024/05/06 20:13
1.1.1.2,2.2.2.1,2024/05/06 22:01
1.1.1.1,2.2.2.2,2024/05/07 07:47
1.1.1.3,2.2.2.3,2024/05/07 09:36
1.1.1.1,2.2.2.2,2024/05/07 11:24
1.1.1.1,2.2.2.2,2024/05/07 13:13
1.1.1.2,2.2.2.2,2024/05/07 15:02
1.1.1.1,2.2.2.3,2024/05/07 16:50
1.1.1.3,2.2.2.1,2024/05/07 18:39
1.1.1.1,2.2.2.2,2024/05/07 20:28
1.1.1.1,2.2.2.2,2024/05/07 22:16
1.1.1.2,2.2.2.3,2024/05/08 07:52
1.1.1.1,2.2.2.2,2024/05/08 09:41
1.1.1.3,2.2.2.4,2024/05/08 11:29
1.1.1.1,2.2.2.2,2024/05/08 13:18
1.1.1.1,2.2.2.3,2024/05/08 15:07
1.1.1.2,2.2.2.1,2024/05/08 16:55
1.1.1.1,2.2.2.2,2024/05/08 18:44
1.1.1.3,2.2.2.2,2024/05/08 20:33
1.1.1.1,2.2.2.3,2024/05/08 22:21
1.1.1.1,2.2.2.2,2024/05/09 07:57
1.1.1.2,2.2.2.1,2024/05/09 09:46
1.1.1.1,2.2.2.2,2024/05/09 11:34
1.1.1.3,2.2.2.3,2024/05/09 13:23
1.1.1.1,2.2.2.2,2024/05/09 15:12
1.1.1.1,2.2.2.2,2024/05/09 17:00
1.1.1.2,2.2.2.3,2024/05/09 18:49
1.1.1.1,2.2.2.2,2024/05/09 20:38
1.1.1.3,2.2.2.1,2024/05/09 22:26
1.1.1.1,2.2.2.2,2024/05/10 08:02
1.1.1.1,2.2.2.3,2024/05/10 09:51
1.1.1.2,2.2.2.2,2024/05/10 11:39
1.1.1.1,2.2.2.1,2024/05/10 13:28
1.1.1.3,2.2.2.4,2024/05/10 15:17
1.1.1.1,2.2.2.2,2024/05/10 17:05
1.1.1.1,2.2.2.3,2024/05/10 18:54
1.1.1.2,2.2.2.1,2024/05/10 20:43
1.1.1.1,2.2.2.2,2024/05/10 22:31
1.1.1.3,2.2.2.2,2024/05/11 08:08
1.1.1.1,2.2.2.3,2024/05/11 09:56
1.1.1.1,2.2.2.2,2024/05/11 11:45
1.1.1.2,2.2.2.1,2024/05/11 13:34
1.1.1.1,2.2.2.2,2024/05/11 15:22
1.1.1.3,2.2.2.3,2024/05/11 17:11
1.1.1.1,2.2.2.2,2024/05/11 19:00
1.1.1.1,2.2.2.2,2024/05/11 20:48
1.1.1.2,2.2.2.3,2024/05/11 22:37
1.1.1.1,2.2.2.2,2024/05/12 08:13
1.1.1.3,2.2.2.1,2024/05/12 10:01
1.1.1.1,2.2.2.3,2024/05/12 11:50
1.1.1.1,2.2.2.2,2024/05/12 13:39
1.1.1.2,2.2.2.4,2024/05/12 15:27
1.1.1.1,2.2.2.2,2024/05/12 17:16
1.1.1.3,2.2.2.1,2024/05/12 19:05
1.1.1.1,2.2.2.2,2024/05/12 20:53
1.1.1.1,2.2.2.3,2024/05/12 22:42
1.1.1.2,2.2.2.2,2024/05/13 08:18
1.1.1.1,2.2.2.1,2024/05/13 10:07
1.1.1.3,2.2.2.3,2024/05/13 11:55
1.1.1.1,2.2.2.2,2024/05/13 13:44
1.1.1.1,2.2.2.2,2024/05/13 15:33
1.1.1.2,2.2.2.3,2024/05/13 17:21
1.1.1.1,2.2.2.2,2024/05/13 19:10
1.1.1.3,2.2.2.4,2024/05/13 20:59
1.1.1.1,2.2.2.2,2024/05/13 22:47
1.1.1.1,2.2.2.3,2024/05/14 08:23
1.1.1.2,2.2.2.1,2024/05/14 10:12
1.1.1.1,2.2.2.2,2024/05/14 12:00
1.1.1.3,2.2.2.2,2024/05/14 13:49
1.1.1.1,2.2.2.3,2024/05/14 15:38
1.1.1.1,2.2.2.2,2024/05/14 17:26
1.1.1.2,2.2.2.1,2024/05/14 19:15
1.1.1.1,2.2.2.2,2024/05/14 21:04
1.1.1.3,2.2.2.3,2024/05/14 22:52
1.1.1.1,2.2.2.2,2024/05/15 08:29
1.1.1.1,2.2.2.2,2024/05/15 10:17
1.1.1.2,2.2.2.3,2024/05/15 12:06
1.1.1.1,2.2.2.2,2024/05/15 13:55
1.1.1.3,2.2.2.1,2024/05/15 15:43
1.1.1.1,2.2.2.3,2024/05/15 17:32
1.1.1.1,2.2.2.2,2024/05/15 19:21
1.1.1.2,2.2.2.4,2024/05/15 21:09
1.1.1.1,2.2.2.2,2024/05/15 22:58
1.1.1.3,2.2.2.2,2024/05/16 08:34
1.1.1.1,2.2.2.3,2024/05/16 10:22
1.1.1.1,2.2.2.2,2024/05/16 12:11
1.1.1.2,2.2.2.1,2024/05/16 14:00
1.1.1.1,2.2.2.2,2024/05/16 15:48
1.1.1.3,2.2.2.3,2024/05/16 17:37
1.1.1.1,2.2.2.2,2024/05/16 19:26
1.1.1.1,2.2.2.2,2024/05/16 21:14
1.1.1.2,2.2.2.1,2024/05/16 23:03
1.1.1.1,2.2.2.3,2024/05/17 08:39
1.1.1.3,2.2.2.4,2024/05/17 10:28
1.1.1.1,2.2.2.2,2024/05/17 12:16
1.1.1.1,2.2.2.1,2024/05/17 14:05
1.1.1.2,2.2.2.3,2024/05/17 15:54
1.1.1.1,2.2.2.2,2024/05/17 17:42
1.1.1.3,2.2.2.2,2024/05/17 19:31
1.1.1.1,2.2.2.3,2024/05/17 21:20
1.1.1.1,2.2.2.2,2024/05/17 23:08
1.1.1.2,2.2.2.1,2024/05/18 08:45
1.1.1.1,2.2.2.2,2024/05/18 10:33
1.1.1.3,2.2.2.3,2024/05/18 12:22
1.1.1.1,2.2.2.2,2024/05/18 14:11
1.1.1.1,2.2.2.2,2024/05/18 15:59
1.1.1.2,2.2.2.4,2024/05/18 17:48
1.1.1.1,2.2.2.2,2024/05/18 19:37
1.1.1.3,2.2.2.1,2024/05/18 21:25
1.1.1.1,2.2.2.3,2024/05/18 23:14
1.1.1.1,2.2.2.2,2024/05/19 08:50
1.1.1.2,2.2.2.2,2024/05/19 10:38
1.1.1.1,2.2.2.1,2024/05/19 12:27
1.1.1.3,2.2.2.3,2024/05/19 14:16
1.1.1.1,2.2.2.2,2024/05/19 16:04
1.1.1.1,2.2.2.2,2024/05/19 17:53
1.1.1.2,2.2.2.3,2024/05/19 19:42
1.1.1.1,2.2.2.2,2024/05/19 21:30
1.1.1.3,2.2.2.4,2024/05/19 23:19
1.1.1.1,2.2.2.2,2024/05/20 08:55
1.1.1.1,2.2.2.3,2024/05/20 10:44
1.1.1.2,2.2.2.1,2024/05/20 12:32
1.1.1.1,2.2.2.2,2024/05/20 14:21
1.1.1.3,2.2.2.2,2024/05/20 16:10
1.1.1.1,2.2.2.3,2024/05/20 17:58
1.1.1.1,2.2.2.2,2024/05/20 19:47
1.1.1.2,2.2.2.1,2024/05/20 21:36
1.1.1.1,2.2.2.2,2024/05/20 23:24
1.1.1.3,2.2.2.3,2024/05/21 09:01
1.1.1.1,2.2.2.2,2024/05/21 10:49
1.1.1.1,2.2.2.2,2024/05/21 12:38
1.1.1.2,2.2.2.4,2024/05/21 14:27
1.1.1.1,2.2.2.2,2024/05/21 16:15
1.1.1.3,2.2.2.1,2024/05/21 18:04
1.1.1.1,2.2.2.3,2024/05/21 19:53
1.1.1.1,2.2.2.2,2024/05/21 21:41
1.1.1.2,2.2.2.2,2024/05/21 23:30
1.1.1.1,2.2.2.1,2024/05/22 09:06
1.1.1.3,2.2.2.3,2024/05/22 10:54
1.1.1.1,2.2.2.2,2024/05/22 12:43
1.1.1.1,2.2.2.2,2024/05/22 14:32
1.1.1.2,2.2.2.3,2024/05/22 16:20
1.1.1.1,2.2.2.2,2024/05/22 18:09
1.1.1.3,2.2.2.4,2024/05/22 19:58
1.1.1.1,2.2.2.2,2024/05/22 21:46
1.1.1.1,2.2.2.3,2024/05/22 23:35
1.1.1.2,2.2.2.1,2024/05/23 09:11
1.1.1.1,2.2.2.2,2024/05/23 11:00
1.1.1.3,2.2.2.2,2024/05/23 12:48
1.1.1.1,2.2.2.3,2024/05/23 14:37
1.1.1.1,2.2.2.2,2024/05/23 16:26
1.1.1.2,2.2.2.1,2024/05/23 18:14
1.1.1.1,2.2.2.2,2024/05/23 20:03
1.1.1.3,2.2.2.3,2024/05/23 21:52
1.1.1.1,2.2.2.2,2024/05/23 23:40
1.1.1.1,2.2.2.2,2024/05/24 09:17
1.1.1.2,2.2.2.3,2024/05/24 11:05
1.1.1.1,2.2.2.2,2024/05/24 12:54
1.1.1.3,2.2.2.1,2024/05/24 14:43
1.1.1.1,2.2.2.3,2024/05/24 16:31
1.1.1.1,2.2.2.2,2024/05/24 18:20
1.1.1.2,2.2.2.4,2024/05/24 20:09
1.1.1.1,2.2.2.2,2024/05/24 21:57
1.1.1.3,2.2.2.2,2024/05/24 23:46
1.1.1.1,2.2.2.3,2024/05/25 09:22
1.1.1.1,2.2.2.2,2024/05/25 11:10
1.1.1.2,2.2.2.1,2024/05/25 12:59
1.1.1.1,2.2.2.2,2024/05/25 14:48
1.1.1.3,2.2.2.3,2024/05/25 16:36
1.1.1.1,2.2.2.2,2024/05/25 18:25
1.1.1.1,2.2.2.2,2024/05/25 20:14
1.1.1.2,2.2.2.3,2024/05/25 22:02
1.1.1.1,2.2.2.2,2024/05/25 23:51
1.1.1.3,2.2.2.4,2024/05/26 09:27
1.1.1.1,2.2.2.2,2024/05/26 10:16
1.1.1.1,2.2.2.1,2024/05/26 11:05
1.1.1.2,2.2.2.3,2024/05/26 12:54
1.1.1.1,2.2.2.2,2024/05/26 14:42
1.1.1.3,2.2.2.2,2024/05/26 16:31
1.1.1.1,2.2.2.3,2024/05/26 18:20
1.1.1.1,2.2.2.2,2024/05/26 20:08
1.1.1.2,2.2.2.1,2024/05/26 21:57
1.1.1.1,2.2.2.2,2024/05/26 23:46
1.1.1.3,2.2.2.3,2024/05/27 09:33
1.1.1.1,2.2.2.2,2024/05/27 11:21
